"City,Area"
"Johannesburg,Bryanston"
"Johannesburg,Morningside"
"Johannesburg,Rivonia"
"Johannesburg,Illovo"
"Johannesburg,Atholl"
"Johannesburg,Woodmead"
"Johannesburg,Sunninghill"
"Johannesburg,Paulshof"
"Johannesburg,Kelvin"
"Johannesburg,Lonehill"
"Johannesburg,Blairgowrie"
"Johannesburg,Ferndale"
"Johannesburg,Linden"
"Johannesburg,Bordeaux"
"Johannesburg,Craighall Park"
"Johannesburg,Kensington B"
"Johannesburg,Malanshof"
"Johannesburg,Florida"
"Johannesburg,Honeydew"
"Johannesburg,Wilgeheuwel"
"Johannesburg,Constantia Kloof"
"Johannesburg,Radiokop"
"Johannesburg,Helderkruin"
"Johannesburg,Noordwyk"
"Johannesburg,Carlswald"
"Johannesburg,Glen Austin"
"Johannesburg,Halfway Gardens"
"Johannesburg,Kyalami Hills"
"Johannesburg,Orlando West"
"Johannesburg,Dube"
"Johannesburg,Meadowlands"
"Johannesburg,Jabulani"
"Johannesburg,Protea Glen"
"Johannesburg,Pimville"
"Johannesburg,Winchester Hills"
"Johannesburg,Glenvista"
"Johannesburg,Kibler Park"
"Johannesburg,Marshalltown"
"Johannesburg,Braamfontein"
"Johannesburg,Newtown"
"Pretoria,Moreleta Park"
"Pretoria,Faerie Glen"
"Pretoria,Woodhill"
"Pretoria,Equestria"
"Pretoria,Silver Lakes"
"Pretoria,Olympus"
"Pretoria,Akasia"
"Pretoria,Theresapark"
"Pretoria,Karenpark"
"Pretoria,Chantelle"
"Pretoria,Irene"
"Pretoria,Highveld"
"Pretoria,Doringkloof"
"Pretoria,Lyttelton"
"Pretoria,The Reeds"
"Pretoria,Rooihuiskraal"
"Pretoria,Hatfield"
"Pretoria,Arcadia"
"Pretoria,Monument Park"
"Pretoria,Erasmuskloof"
"Pretoria,Muckleneuk"
"Pretoria,Colbyn"
"Pretoria,Silver Lakes"
"Pretoria,Shere"
"Pretoria,Sinoville"
"Pretoria,Roseville"
"Pretoria,Murrayfield"
"Pretoria,Andeon AH"
"Pretoria,Atteridgeville"
"Pretoria,Booysens"
"Pretoria,Claremont"
"Pretoria,Danville"
"Pretoria,Daspoort"
"Pretoria,Elandspoort"
"Pretoria,Hermanstad"
"Pretoria,Kameeldrift West"
"Pretoria,Kirkney"
"Pretoria,Kwaggasrand"
"Pretoria,Lotus Gardens"
"Pretoria,Mountain View"
"Pretoria,Philip Nel Park"
"Pretoria,Pretoria Gardens"
"Pretoria,Pretoria West"
"Pretoria,Proclamation Hill"
"Pretoria,Suiderberg"
"Pretoria,Westpark"
"Ekurhuleni,Glen Marais"
"Ekurhuleni,Birchleigh"
"Ekurhuleni,Edleen"
"Ekurhuleni,Farrarmere"
"Ekurhuleni,Northmead"
"Ekurhuleni,Rynfield"
"Ekurhuleni,Sunward Park"
"Ekurhuleni,Bartlett"
"Ekurhuleni,Beyers Park"
"Ekurhuleni,Primrose"
"Ekurhuleni,Lambton"
"Ekurhuleni,Sunnyridge"
"Ekurhuleni,Brackenhurst"
"Ekurhuleni,Meyersdal"
"Ekurhuleni,New Redruth"
"Ekurhuleni,Upper Bedfordview"
"Ekurhuleni,Senderwood"
"Ekurhuleni,Thembisa"
"Ekurhuleni,Country View"
"Ekurhuleni,Carlswald"
"Ekurhuleni,Crowthorne"
"Ekurhuleni,Ebony Park"
"Ekurhuleni,Glen Austin"
"Ekurhuleni,Ivory Park"
"Ekurhuleni,Kaalfontein"
"Ekurhuleni,Rabie Ridge"
"Ekurhuleni,Halfway House"
"Ekurhuleni,Halfway Gardens"
"Ekurhuleni,Vorna Valley"
"Ekurhuleni,Noordwyk"
"Ekurhuleni,Randjesfontein"
"Ekurhuleni,Randjespark"
"Ekurhuleni,Blue Hills"
"Ekurhuleni,Kyalami Agricultural Holdings"
"Ekurhuleni,Waterfall City"
"West Rand,Noordheuwel"
"West Rand,Monument"
"West Rand,Rangeview"
"West Rand,Greenhills"
"West Rand,Helikonpark"
"West Rand,Westonaria South"
"West Rand,Hillshaven"
"West Rand,Oberholzer"
"West Rand,Carletonville Exts"
"Midvaal,Henley on Klip"
"Midvaal,Golf Park"
"Midvaal,De Deur"
"Midvaal,Walkerville"
"Midvaal,Randvaal"
"Midvaal,Vaal Marina"
"Sedibeng,Three Rivers"
"Sedibeng,Arcon Park"
"Sedibeng,Sharpeville"
"Sedibeng,Duncanville"
"Sedibeng,SW5"
"Sedibeng,SE3"
"Sedibeng,CW1"
